"DATE"	"RECIPIENT"	"CONTEST"	"POSITION"	"PAYMENT TYPE"	"AMOUNT"
"11/16/2017"	"GAS TAX REPEAL"	"Gas Tax Repeal TBD"	"SUPPORT"	"IND"	"$217,414.15"
"11/27/2017"	"GAS TAX REPEAL"	"Gas Tax Repeal TBD"	"SUPPORT"	"IND"	"$24,879.48"
"11/27/2017"	"GAS TAX REPEAL"	"Gas Tax Repeal TBD"	"SUPPORT"	"IND"	"$18,000.00"
"11/27/2017"	"GAS TAX REPEAL"	"Gas Tax Repeal TBD"	"SUPPORT"	"IND"	"$15,612.28"
"11/27/2017"	"GAS TAX REPEAL"	"Gas Tax Repeal TBD"	"SUPPORT"	"IND"	"$15,612.28"
"11/27/2017"	"GAS TAX REPEAL"	"Gas Tax Repeal TBD"	"SUPPORT"	"IND"	"$12,436.35"
"11/27/2017"	"GAS TAX REPEAL"	"Gas Tax Repeal TBD"	"SUPPORT"	"IND"	"$12,436.35"
"11/27/2017"	"GAS TAX REPEAL"	"Gas Tax Repeal TBD"	"SUPPORT"	"IND"	"$12,436.35"
"11/27/2017"	"GAS TAX REPEAL"	"Gas Tax Repeal TBD"	"SUPPORT"	"IND"	"$12,350.89"
"11/27/2017"	"GAS TAX REPEAL"	"Gas Tax Repeal TBD"	"SUPPORT"	"IND"	"$11,057.31"
"04/20/2018"	""	"Gas Tax Repeal 6"	"SUPPORT"	"MONETARY"	"$10,000.00"
"11/27/2017"	"GAS TAX REPEAL"	"Gas Tax Repeal TBD"	"SUPPORT"	"IND"	"$7,732.71"
"04/04/2018"	"GAS TAX REPEAL"	"Gas Tax Repeal 6"	"SUPPORT"	"IND"	"$7,647.62"
"03/26/2018"	"GAS TAX REPEAL"	"Gas Tax Repeal 6"	"SUPPORT"	"IND"	"$6,000.00"
"03/26/2018"	"GAS TAX REPEAL"	"Gas Tax Repeal 6"	"SUPPORT"	"IND"	"$5,400.00"
"01/22/2018"	"GAS TAX REPEAL"	"Gas Tax Repeal 6"	"SUPPORT"	"IND"	"$5,250.00"
"12/08/2017"	"GAS TAX REPEAL"	"Gas Tax Repeal TBD"	"SUPPORT"	"IND"	"$5,188.26"
"03/01/2018"	"GAS TAX REPEAL"	"Gas Tax Repeal 6"	"SUPPORT"	"IND"	"$4,427.71"
"11/27/2017"	"GAS TAX REPEAL"	"Gas Tax Repeal TBD"	"SUPPORT"	"IND"	"$3,787.53"
"02/05/2018"	"GAS TAX REPEAL"	"Gas Tax Repeal 6"	"SUPPORT"	"IND"	"$3,165.03"
"02/06/2018"	"GAS TAX REPEAL"	"Gas Tax Repeal 6"	"SUPPORT"	"IND"	"$2,500.00"
"01/28/2018"	"REPUBLICAN PARTY OF SAN DIEGO COUNTY"	" "	"SUPPORT"	"MONETARY"	"$2,500.00"
"06/04/2018"	"GAS TAX REPEAL"	"Gas Tax Repeal 6"	"SUPPORT"	"IND"	"$2,370.82"
"11/27/2017"	"GAS TAX REPEAL"	"Gas Tax Repeal TBD"	"SUPPORT"	"IND"	"$2,294.59"
"06/06/2018"	"GAS TAX REPEAL"	"Gas Tax Repeal 6"	"SUPPORT"	"IND"	"$2,232.08"
"06/30/2018"	"GAS TAX REPEAL"	"Gas Tax Repeal 6"	"SUPPORT"	"IND"	"$2,204.00"
"04/03/2018"	"GAS TAX REPEAL"	"Gas Tax Repeal 6"	"SUPPORT"	"IND"	"$2,142.74"
"02/09/2018"	"GAS TAX REPEAL"	"Gas Tax Repeal 6"	"SUPPORT"	"IND"	"$2,052.40"
"05/02/2018"	"GAS TAX REPEAL"	"Gas Tax Repeal 6"	"SUPPORT"	"IND"	"$2,052.40"
"06/24/2017"	"SENATE DISTRICT 29 RECALL"	"Senate District 29 Recall TBD"	"SUPPORT"	"IND"	"$2,000.00"
"03/01/2018"	"GAS TAX REPEAL"	"Gas Tax Repeal 6"	"SUPPORT"	"IND"	"$1,962.06"
"12/31/2017"	"GAS TAX REPEAL"	"Gas Tax Repeal TBD"	"SUPPORT"	"IND"	"$1,914.06"
"03/13/2018"	"GAS TAX REPEAL"	"Gas Tax Repeal 6"	"SUPPORT"	"IND"	"$1,762.50"
"02/25/2018"	"GAS TAX REPEAL"	"Gas Tax Repeal 6"	"SUPPORT"	"IND"	"$1,614.10"
"05/08/2018"	"GAS TAX REPEAL"	"Gas Tax Repeal 6"	"SUPPORT"	"IND"	"$1,572.54"
"05/11/2017"	"SENATE DISTRICT 29 RECALL"	"Senate District 29 Recall TBD"	"SUPPORT"	"IND"	"$1,500.00"
"05/11/2017"	"SENATE DISTRICT 29 RECALL"	"Senate District 29 Recall TBD"	"SUPPORT"	"IND"	"$1,500.00"
"06/13/2017"	"SENATE DISTRICT 29 RECALL"	"Senate District 29 Recall TBD"	"SUPPORT"	"IND"	"$1,500.00"
"05/04/2018"	"GAS TAX REPEAL"	"Gas Tax Repeal 6"	"SUPPORT"	"IND"	"$1,323.80"
"10/10/2017"	"GAS TAX REPEAL"	"Gas Tax Repeal TBD"	"SUPPORT"	"IND"	"$1,316.71"
"11/25/2017"	"GAS TAX REPEAL"	"Gas Tax Repeal TBD"	"SUPPORT"	"IND"	"$1,306.32"
"04/04/2018"	"GAS TAX REPEAL"	"Gas Tax Repeal 6"	"SUPPORT"	"IND"	"$1,275.00"
"04/29/2018"	"GAS TAX REPEAL"	"Gas Tax Repeal 6"	"SUPPORT"	"IND"	"$1,275.00"
"05/30/2018"	"GAS TAX REPEAL"	"Gas Tax Repeal 6"	"SUPPORT"	"IND"	"$1,275.00"
"06/29/2018"	"GAS TAX REPEAL"	"Gas Tax Repeal 6"	"SUPPORT"	"IND"	"$1,275.00"
"02/04/2018"	"GAS TAX REPEAL"	"Gas Tax Repeal 6"	"SUPPORT"	"IND"	"$1,264.53"
"06/02/2017"	"SENATE DISTRICT 29 RECALL"	"Senate District 29 Recall TBD"	"SUPPORT"	"IND"	"$1,117.38"
"12/31/2017"	"GAS TAX REPEAL"	"Gas Tax Repeal TBD"	"SUPPORT"	"IND"	"$1,039.72"
"05/09/2017"	"SENATE DISTRICT 29 RECALL"	"Senate District 29 Recall TBD"	"SUPPORT"	"IND"	"$983.73"
"05/26/2017"	"SENATE DISTRICT 29 RECALL"	"Senate District 29 Recall TBD"	"SUPPORT"	"IND"	"$983.73"
"12/03/2017"	"GAS TAX REPEAL"	"Gas Tax Repeal TBD"	"SUPPORT"	"IND"	"$964.74"
"10/13/2017"	"GAS TAX REPEAL"	"Gas Tax Repeal TBD"	"SUPPORT"	"IND"	"$958.98"
"02/02/2018"	"GAS TAX REPEAL"	"Gas Tax Repeal 6"	"SUPPORT"	"IND"	"$916.31"
"06/01/2017"	"SENATE DISTRICT 29 RECALL"	"Senate District 29 Recall TBD"	"SUPPORT"	"IND"	"$915.88"
"01/09/2018"	"GAS TAX REPEAL"	"Gas Tax Repeal 6"	"SUPPORT"	"IND"	"$902.38"
"11/30/2017"	"GAS TAX REPEAL"	"Gas Tax Repeal TBD"	"SUPPORT"	"IND"	"$818.77"
"05/13/2017"	"SENATE DISTRICT 29 RECALL"	"Senate District 29 Recall TBD"	"SUPPORT"	"IND"	"$806.61"
"01/31/2018"	"GAS TAX REPEAL"	"Gas Tax Repeal 6"	"SUPPORT"	"IND"	"$803.89"
"06/12/2018"	"GAS TAX REPEAL"	"Gas Tax Repeal 6"	"SUPPORT"	"IND"	"$801.66"
"06/17/2017"	"SENATE DISTRICT 29 RECALL"	"Senate District 29 Recall TBD"	"SUPPORT"	"IND"	"$801.44"
"12/08/2017"	"GAS TAX REPEAL"	"Gas Tax Repeal TBD"	"SUPPORT"	"IND"	"$797.52"
"12/31/2017"	"GAS TAX REPEAL"	"Gas Tax Repeal TBD"	"SUPPORT"	"IND"	"$771.29"
"11/20/2017"	"GAS TAX REPEAL"	"Gas Tax Repeal TBD"	"SUPPORT"	"IND"	"$751.59"
"02/03/2018"	"GAS TAX REPEAL"	"Gas Tax Repeal 6"	"SUPPORT"	"IND"	"$751.00"
"06/19/2017"	"SENATE DISTRICT 29 RECALL"	"Senate District 29 Recall TBD"	"SUPPORT"	"IND"	"$750.31"
"12/08/2017"	"GAS TAX REPEAL"	"Gas Tax Repeal TBD"	"SUPPORT"	"IND"	"$750.04"
"12/02/2017"	"GAS TAX REPEAL"	"Gas Tax Repeal TBD"	"SUPPORT"	"IND"	"$750.00"
"12/04/2017"	"GAS TAX REPEAL"	"Gas Tax Repeal TBD"	"SUPPORT"	"IND"	"$750.00"
"12/06/2017"	"GAS TAX REPEAL"	"Gas Tax Repeal TBD"	"SUPPORT"	"IND"	"$750.00"
"12/09/2017"	"GAS TAX REPEAL"	"Gas Tax Repeal TBD"	"SUPPORT"	"IND"	"$750.00"
"01/16/2018"	"GAS TAX REPEAL"	"Gas Tax Repeal 6"	"SUPPORT"	"IND"	"$750.00"
"01/19/2018"	"GAS TAX REPEAL"	"Gas Tax Repeal 6"	"SUPPORT"	"IND"	"$750.00"
"01/23/2018"	"GAS TAX REPEAL"	"Gas Tax Repeal 6"	"SUPPORT"	"IND"	"$750.00"
"01/24/2018"	"GAS TAX REPEAL"	"Gas Tax Repeal 6"	"SUPPORT"	"IND"	"$750.00"
"02/07/2018"	"GAS TAX REPEAL"	"Gas Tax Repeal 6"	"SUPPORT"	"IND"	"$750.00"
"02/10/2018"	"GAS TAX REPEAL"	"Gas Tax Repeal 6"	"SUPPORT"	"IND"	"$750.00"
"02/13/2018"	"GAS TAX REPEAL"	"Gas Tax Repeal 6"	"SUPPORT"	"IND"	"$750.00"
"02/16/2018"	"GAS TAX REPEAL"	"Gas Tax Repeal 6"	"SUPPORT"	"IND"	"$750.00"
"02/21/2018"	"GAS TAX REPEAL"	"Gas Tax Repeal 6"	"SUPPORT"	"IND"	"$750.00"
"02/25/2018"	"GAS TAX REPEAL"	"Gas Tax Repeal 6"	"SUPPORT"	"IND"	"$750.00"
"03/16/2018"	"GAS TAX REPEAL"	"Gas Tax Repeal 6"	"SUPPORT"	"IND"	"$750.00"
"03/17/2018"	"GAS TAX REPEAL"	"Gas Tax Repeal 6"	"SUPPORT"	"IND"	"$750.00"
"03/19/2018"	"GAS TAX REPEAL"	"Gas Tax Repeal 6"	"SUPPORT"	"IND"	"$750.00"
"03/21/2018"	"GAS TAX REPEAL"	"Gas Tax Repeal 6"	"SUPPORT"	"IND"	"$750.00"
"03/23/2018"	"GAS TAX REPEAL"	"Gas Tax Repeal 6"	"SUPPORT"	"IND"	"$750.00"
"03/25/2018"	"GAS TAX REPEAL"	"Gas Tax Repeal 6"	"SUPPORT"	"IND"	"$750.00"
"03/27/2018"	"GAS TAX REPEAL"	"Gas Tax Repeal 6"	"SUPPORT"	"IND"	"$750.00"
"03/29/2018"	"GAS TAX REPEAL"	"Gas Tax Repeal 6"	"SUPPORT"	"IND"	"$750.00"
"03/30/2018"	"GAS TAX REPEAL"	"Gas Tax Repeal 6"	"SUPPORT"	"IND"	"$750.00"
"04/02/2018"	"GAS TAX REPEAL"	"Gas Tax Repeal 6"	"SUPPORT"	"IND"	"$750.00"
"04/03/2018"	"GAS TAX REPEAL"	"Gas Tax Repeal 6"	"SUPPORT"	"IND"	"$750.00"
"04/05/2018"	"GAS TAX REPEAL"	"Gas Tax Repeal 6"	"SUPPORT"	"IND"	"$750.00"
"04/06/2018"	"GAS TAX REPEAL"	"Gas Tax Repeal 6"	"SUPPORT"	"IND"	"$750.00"
"04/08/2018"	"GAS TAX REPEAL"	"Gas Tax Repeal 6"	"SUPPORT"	"IND"	"$750.00"
"04/10/2018"	"GAS TAX REPEAL"	"Gas Tax Repeal 6"	"SUPPORT"	"IND"	"$750.00"
"04/12/2018"	"GAS TAX REPEAL"	"Gas Tax Repeal 6"	"SUPPORT"	"IND"	"$750.00"
"04/14/2018"	"GAS TAX REPEAL"	"Gas Tax Repeal 6"	"SUPPORT"	"IND"	"$750.00"
"04/16/2018"	"GAS TAX REPEAL"	"Gas Tax Repeal 6"	"SUPPORT"	"IND"	"$750.00"
"04/18/2018"	"GAS TAX REPEAL"	"Gas Tax Repeal 6"	"SUPPORT"	"IND"	"$750.00"
"04/20/2018"	"GAS TAX REPEAL"	"Gas Tax Repeal 6"	"SUPPORT"	"IND"	"$750.00"
"05/10/2018"	"GAS TAX REPEAL"	"Gas Tax Repeal 6"	"SUPPORT"	"IND"	"$750.00"
"05/15/2018"	"GAS TAX REPEAL"	"Gas Tax Repeal 6"	"SUPPORT"	"IND"	"$750.00"
"06/05/2017"	"SENATE DISTRICT 29 RECALL"	"Senate District 29 Recall TBD"	"SUPPORT"	"IND"	"$749.57"
"06/08/2017"	"SENATE DISTRICT 29 RECALL"	"Senate District 29 Recall TBD"	"SUPPORT"	"IND"	"$749.31"
"06/03/2017"	"SENATE DISTRICT 29 RECALL"	"Senate District 29 Recall TBD"	"SUPPORT"	"IND"	"$747.46"
"06/03/2017"	"SENATE DISTRICT 29 RECALL"	"Senate District 29 Recall TBD"	"SUPPORT"	"IND"	"$744.92"
"06/17/2017"	"SENATE DISTRICT 29 RECALL"	"Senate District 29 Recall TBD"	"SUPPORT"	"IND"	"$742.54"
"06/05/2017"	"SENATE DISTRICT 29 RECALL"	"Senate District 29 Recall TBD"	"SUPPORT"	"IND"	"$741.72"
"06/09/2017"	"SENATE DISTRICT 29 RECALL"	"Senate District 29 Recall TBD"	"SUPPORT"	"IND"	"$741.08"
"07/01/2017"	"SENATE DISTRICT 29 RECALL"	"Senate District 29 Recall TBD"	"SUPPORT"	"IND"	"$740.21"
"06/11/2017"	"SENATE DISTRICT 29 RECALL"	"Senate District 29 Recall TBD"	"SUPPORT"	"IND"	"$737.47"
"06/15/2017"	"SENATE DISTRICT 29 RECALL"	"Senate District 29 Recall TBD"	"SUPPORT"	"IND"	"$734.91"
"06/16/2017"	"SENATE DISTRICT 29 RECALL"	"Senate District 29 Recall TBD"	"SUPPORT"	"IND"	"$730.87"
"06/20/2017"	"SENATE DISTRICT 29 RECALL"	"Senate District 29 Recall TBD"	"SUPPORT"	"IND"	"$730.52"
"06/12/2017"	"SENATE DISTRICT 29 RECALL"	"Senate District 29 Recall TBD"	"SUPPORT"	"IND"	"$729.42"
"02/13/2018"	"GAS TAX REPEAL"	"Gas Tax Repeal 6"	"SUPPORT"	"IND"	"$728.86"
"04/03/2018"	"GAS TAX REPEAL"	"Gas Tax Repeal 6"	"SUPPORT"	"IND"	"$728.62"
"06/14/2017"	"SENATE DISTRICT 29 RECALL"	"Senate District 29 Recall TBD"	"SUPPORT"	"IND"	"$728.18"
"05/02/2018"	"GAS TAX REPEAL"	"Gas Tax Repeal 6"	"SUPPORT"	"IND"	"$726.59"
"06/27/2017"	"SENATE DISTRICT 29 RECALL"	"Senate District 29 Recall TBD"	"SUPPORT"	"IND"	"$725.47"
"06/23/2017"	"SENATE DISTRICT 29 RECALL"	"Senate District 29 Recall TBD"	"SUPPORT"	"IND"	"$724.18"
"06/25/2017"	"SENATE DISTRICT 29 RECALL"	"Senate District 29 Recall TBD"	"SUPPORT"	"IND"	"$722.65"
"06/22/2017"	"SENATE DISTRICT 29 RECALL"	"Senate District 29 Recall TBD"	"SUPPORT"	"IND"	"$721.42"
"01/06/2018"	"GAS TAX REPEAL"	"Gas Tax Repeal 6"	"SUPPORT"	"IND"	"$718.20"
"06/29/2017"	"SENATE DISTRICT 29 RECALL"	"Senate District 29 Recall TBD"	"SUPPORT"	"IND"	"$716.27"
"06/23/2017"	"SENATE DISTRICT 29 RECALL"	"Senate District 29 Recall TBD"	"SUPPORT"	"IND"	"$715.85"
"12/17/2017"	"GAS TAX REPEAL"	"Gas Tax Repeal TBD"	"SUPPORT"	"IND"	"$714.54"
"12/15/2017"	"GAS TAX REPEAL"	"Gas Tax Repeal TBD"	"SUPPORT"	"IND"	"$709.79"
"12/14/2017"	"GAS TAX REPEAL"	"Gas Tax Repeal TBD"	"SUPPORT"	"IND"	"$709.25"
"11/29/2017"	"GAS TAX REPEAL"	"Gas Tax Repeal TBD"	"SUPPORT"	"IND"	"$707.00"
"12/25/2017"	"GAS TAX REPEAL"	"Gas Tax Repeal TBD"	"SUPPORT"	"IND"	"$705.96"
"01/08/2018"	"GAS TAX REPEAL"	"Gas Tax Repeal 6"	"SUPPORT"	"IND"	"$705.47"
"10/19/2017"	"GAS TAX REPEAL"	"Gas Tax Repeal TBD"	"SUPPORT"	"IND"	"$705.15"
"12/23/2017"	"GAS TAX REPEAL"	"Gas Tax Repeal TBD"	"SUPPORT"	"IND"	"$704.11"
"06/26/2017"	"SENATE DISTRICT 29 RECALL"	"Senate District 29 Recall TBD"	"SUPPORT"	"IND"	"$703.21"
"01/12/2018"	"GAS TAX REPEAL"	"Gas Tax Repeal 6"	"SUPPORT"	"IND"	"$696.54"
"12/12/2017"	"GAS TAX REPEAL"	"Gas Tax Repeal TBD"	"SUPPORT"	"IND"	"$695.44"
"12/11/2017"	"GAS TAX REPEAL"	"Gas Tax Repeal TBD"	"SUPPORT"	"IND"	"$688.54"
"06/24/2017"	"SENATE DISTRICT 29 RECALL"	"Senate District 29 Recall TBD"	"SUPPORT"	"IND"	"$687.13"
"06/02/2017"	"SENATE DISTRICT 29 RECALL"	"Senate District 29 Recall TBD"	"SUPPORT"	"IND"	"$682.72"
"12/20/2017"	"GAS TAX REPEAL"	"Gas Tax Repeal TBD"	"SUPPORT"	"IND"	"$663.39"
"12/19/2017"	"GAS TAX REPEAL"	"Gas Tax Repeal TBD"	"SUPPORT"	"IND"	"$663.20"
"01/11/2018"	"GAS TAX REPEAL"	"Gas Tax Repeal 6"	"SUPPORT"	"IND"	"$661.74"
"06/06/2018"	"GAS TAX REPEAL"	"Gas Tax Repeal 6"	"SUPPORT"	"IND"	"$659.28"
"12/31/2017"	"GAS TAX REPEAL"	"Gas Tax Repeal TBD"	"SUPPORT"	"IND"	"$653.36"
"05/11/2017"	"SENATE DISTRICT 29 RECALL"	"Senate District 29 Recall TBD"	"SUPPORT"	"IND"	"$637.28"
"05/19/2017"	"SENATE DISTRICT 29 RECALL"	"Senate District 29 Recall TBD"	"SUPPORT"	"IND"	"$622.81"
"03/01/2018"	"GAS TAX REPEAL"	"Gas Tax Repeal 6"	"SUPPORT"	"IND"	"$613.36"
"04/30/2018"	"GAS TAX REPEAL"	"Gas Tax Repeal 6"	"SUPPORT"	"IND"	"$610.94"
"01/08/2018"	"GAS TAX REPEAL"	"Gas Tax Repeal 6"	"SUPPORT"	"IND"	"$604.98"
"12/12/2017"	"GAS TAX REPEAL"	"Gas Tax Repeal TBD"	"SUPPORT"	"IND"	"$592.20"
"03/11/2018"	"GAS TAX REPEAL"	"Gas Tax Repeal 6"	"SUPPORT"	"IND"	"$585.71"
"05/29/2017"	"SENATE DISTRICT 29 RECALL"	"Senate District 29 Recall TBD"	"SUPPORT"	"IND"	"$567.28"
"04/25/2018"	"GAS TAX REPEAL"	"Gas Tax Repeal 6"	"SUPPORT"	"IND"	"$551.91"
"05/24/2017"	"SENATE DISTRICT 29 RECALL"	"Senate District 29 Recall TBD"	"SUPPORT"	"IND"	"$504.84"
"05/13/2017"	"SENATE DISTRICT 29 RECALL"	"Senate District 29 Recall TBD"	"SUPPORT"	"IND"	"$500.00"
"05/13/2017"	"SENATE DISTRICT 29 RECALL"	"Senate District 29 Recall TBD"	"SUPPORT"	"IND"	"$500.00"
"05/20/2017"	"SENATE DISTRICT 29 RECALL"	"Senate District 29 Recall TBD"	"SUPPORT"	"IND"	"$500.00"
"06/04/2017"	"SENATE DISTRICT 29 RECALL"	"Senate District 29 Recall TBD"	"SUPPORT"	"IND"	"$500.00"
"06/04/2017"	"SENATE DISTRICT 29 RECALL"	"Senate District 29 Recall TBD"	"SUPPORT"	"IND"	"$500.00"
"06/04/2017"	"SENATE DISTRICT 29 RECALL"	"Senate District 29 Recall TBD"	"SUPPORT"	"IND"	"$500.00"
"06/11/2017"	"SENATE DISTRICT 29 RECALL"	"Senate District 29 Recall TBD"	"SUPPORT"	"IND"	"$500.00"
"06/17/2017"	"SENATE DISTRICT 29 RECALL"	"Senate District 29 Recall TBD"	"SUPPORT"	"IND"	"$500.00"
"06/17/2017"	"SENATE DISTRICT 29 RECALL"	"Senate District 29 Recall TBD"	"SUPPORT"	"IND"	"$500.00"
"06/24/2017"	"SENATE DISTRICT 29 RECALL"	"Senate District 29 Recall TBD"	"SUPPORT"	"IND"	"$500.00"
"06/24/2017"	"SENATE DISTRICT 29 RECALL"	"Senate District 29 Recall TBD"	"SUPPORT"	"IND"	"$500.00"
"06/30/2017"	"SENATE DISTRICT 29 RECALL"	"Senate District 29 Recall TBD"	"SUPPORT"	"IND"	"$500.00"
"12/06/2017"	"GAS TAX REPEAL"	"Gas Tax Repeal TBD"	"SUPPORT"	"IND"	"$500.00"
"12/08/2017"	"GAS TAX REPEAL"	"Gas Tax Repeal TBD"	"SUPPORT"	"IND"	"$500.00"
"12/13/2017"	"GAS TAX REPEAL"	"Gas Tax Repeal TBD"	"SUPPORT"	"IND"	"$500.00"
"12/20/2017"	"GAS TAX REPEAL"	"Gas Tax Repeal TBD"	"SUPPORT"	"IND"	"$500.00"
"12/29/2017"	"GAS TAX REPEAL"	"Gas Tax Repeal TBD"	"SUPPORT"	"IND"	"$500.00"
"01/10/2018"	"GAS TAX REPEAL"	"Gas Tax Repeal 6"	"SUPPORT"	"IND"	"$500.00"
"01/23/2018"	"GAS TAX REPEAL"	"Gas Tax Repeal 6"	"SUPPORT"	"IND"	"$500.00"
"02/04/2018"	"GAS TAX REPEAL"	"Gas Tax Repeal 6"	"SUPPORT"	"IND"	"$500.00"
"02/16/2018"	"GAS TAX REPEAL"	"Gas Tax Repeal 6"	"SUPPORT"	"IND"	"$500.00"
"06/30/2018"	"GAS TAX REPEAL"	"Gas Tax Repeal 6"	"SUPPORT"	"IND"	"$500.00"
"03/15/2018"	"GAS TAX REPEAL"	"Gas Tax Repeal 6"	"SUPPORT"	"IND"	"$467.68"
"12/12/2017"	"GAS TAX REPEAL"	"Gas Tax Repeal TBD"	"SUPPORT"	"IND"	"$462.00"
"02/09/2018"	"GAS TAX REPEAL"	"Gas Tax Repeal 6"	"SUPPORT"	"IND"	"$438.53"
"05/04/2017"	"SENATE DISTRICT 29 RECALL"	"Senate District 29 Recall TBD"	"SUPPORT"	"IND"	"$424.66"
"03/19/2018"	"GAS TAX REPEAL"	"Gas Tax Repeal 6"	"SUPPORT"	"IND"	"$420.44"
"06/04/2017"	"SENATE DISTRICT 29 RECALL"	"Senate District 29 Recall TBD"	"SUPPORT"	"IND"	"$400.00"
"06/17/2017"	"SENATE DISTRICT 29 RECALL"	"Senate District 29 Recall TBD"	"SUPPORT"	"IND"	"$400.00"
"12/31/2017"	"GAS TAX REPEAL"	"Gas Tax Repeal TBD"	"SUPPORT"	"IND"	"$397.84"
"04/03/2018"	"GAS TAX REPEAL"	"Gas Tax Repeal 6"	"SUPPORT"	"IND"	"$394.65"
"12/05/2017"	"GAS TAX REPEAL"	"Gas Tax Repeal TBD"	"SUPPORT"	"IND"	"$375.77"
"12/07/2017"	"GAS TAX REPEAL"	"Gas Tax Repeal TBD"	"SUPPORT"	"IND"	"$364.00"
"12/01/2017"	"GAS TAX REPEAL"	"Gas Tax Repeal TBD"	"SUPPORT"	"IND"	"$357.00"
"06/07/2017"	"SENATE DISTRICT 29 RECALL"	"Senate District 29 Recall TBD"	"SUPPORT"	"IND"	"$356.96"
"06/13/2017"	"SENATE DISTRICT 29 RECALL"	"Senate District 29 Recall TBD"	"SUPPORT"	"IND"	"$350.00"
"10/17/2017"	"GAS TAX REPEAL"	"Gas Tax Repeal TBD"	"SUPPORT"	"IND"	"$347.95"
"11/27/2017"	"GAS TAX REPEAL"	"Gas Tax Repeal TBD"	"SUPPORT"	"IND"	"$344.19"
"05/01/2018"	"GAS TAX REPEAL"	"Gas Tax Repeal 6"	"SUPPORT"	"IND"	"$340.00"
"12/08/2017"	"GAS TAX REPEAL"	"Gas Tax Repeal TBD"	"SUPPORT"	"IND"	"$305.84"
"05/18/2018"	"GAS TAX REPEAL"	"Gas Tax Repeal 6"	"SUPPORT"	"IND"	"$302.56"
"05/13/2017"	"SENATE DISTRICT 29 RECALL"	"Senate District 29 Recall TBD"	"SUPPORT"	"IND"	"$300.00"
"06/02/2017"	"SENATE DISTRICT 29 RECALL"	"Senate District 29 Recall TBD"	"SUPPORT"	"IND"	"$300.00"
"06/13/2017"	"SENATE DISTRICT 29 RECALL"	"Senate District 29 Recall TBD"	"SUPPORT"	"IND"	"$300.00"
"05/31/2018"	"GAS TAX REPEAL"	"Gas Tax Repeal 6"	"SUPPORT"	"IND"	"$300.00"
"01/29/2018"	"GAS TAX REPEAL"	"Gas Tax Repeal 6"	"SUPPORT"	"IND"	"$289.59"
"12/01/2017"	"GAS TAX REPEAL"	"Gas Tax Repeal TBD"	"SUPPORT"	"IND"	"$280.00"
"06/02/2017"	"SENATE DISTRICT 29 RECALL"	"Senate District 29 Recall TBD"	"SUPPORT"	"IND"	"$266.92"
"05/20/2017"	"SENATE DISTRICT 29 RECALL"	"Senate District 29 Recall TBD"	"SUPPORT"	"IND"	"$266.13"
"10/24/2017"	"GAS TAX REPEAL"	"Gas Tax Repeal TBD"	"SUPPORT"	"IND"	"$258.38"
"05/20/2017"	"SENATE DISTRICT 29 RECALL"	"Senate District 29 Recall TBD"	"SUPPORT"	"IND"	"$250.00"
"06/04/2017"	"SENATE DISTRICT 29 RECALL"	"Senate District 29 Recall TBD"	"SUPPORT"	"IND"	"$250.00"
"06/24/2017"	"SENATE DISTRICT 29 RECALL"	"Senate District 29 Recall TBD"	"SUPPORT"	"IND"	"$250.00"
"06/07/2017"	"REPUBLICAN PARTY OF ORANGE COUNTY"	" "	"SUPPORT"	"MONETARY"	"$250.00"
"06/02/2017"	"REPUBLICAN PARTY OF SAN DIEGO COUNTY"	" "	"SUPPORT"	"MONETARY"	"$250.00"
"05/24/2017"	"SENATE DISTRICT 29 RECALL"	"Senate District 29 Recall TBD"	"SUPPORT"	"IND"	"$245.16"
"05/08/2018"	"GAS TAX REPEAL"	"Gas Tax Repeal 6"	"SUPPORT"	"IND"	"$241.79"
"06/08/2018"	"GAS TAX REPEAL"	"Gas Tax Repeal 6"	"SUPPORT"	"IND"	"$236.96"
"05/02/2018"	"GAS TAX REPEAL"	"Gas Tax Repeal 6"	"SUPPORT"	"IND"	"$236.35"
"05/11/2017"	"SENATE DISTRICT 29 RECALL"	"Senate District 29 Recall TBD"	"SUPPORT"	"IND"	"$233.80"
"10/20/2017"	"GAS TAX REPEAL"	"Gas Tax Repeal TBD"	"SUPPORT"	"IND"	"$231.61"
"03/01/2018"	"GAS TAX REPEAL"	"Gas Tax Repeal 6"	"SUPPORT"	"IND"	"$230.42"
"03/31/2018"	"GAS TAX REPEAL"	"Gas Tax Repeal 6"	"SUPPORT"	"IND"	"$220.97"
"02/26/2018"	"GAS TAX REPEAL"	"Gas Tax Repeal 6"	"SUPPORT"	"IND"	"$220.03"
"12/01/2017"	"GAS TAX REPEAL"	"Gas Tax Repeal TBD"	"SUPPORT"	"IND"	"$213.27"
"06/08/2017"	"SENATE DISTRICT 29 RECALL"	"Senate District 29 Recall TBD"	"SUPPORT"	"IND"	"$210.80"
"01/22/2018"	"GAS TAX REPEAL"	"Gas Tax Repeal 6"	"SUPPORT"	"IND"	"$208.64"
"12/31/2017"	"GAS TAX REPEAL"	"Gas Tax Repeal TBD"	"SUPPORT"	"IND"	"$200.76"
"05/11/2017"	"SENATE DISTRICT 29 RECALL"	"Senate District 29 Recall TBD"	"SUPPORT"	"IND"	"$200.00"
"05/13/2017"	"SENATE DISTRICT 29 RECALL"	"Senate District 29 Recall TBD"	"SUPPORT"	"IND"	"$200.00"
"05/20/2017"	"SENATE DISTRICT 29 RECALL"	"Senate District 29 Recall TBD"	"SUPPORT"	"IND"	"$200.00"
"05/20/2017"	"SENATE DISTRICT 29 RECALL"	"Senate District 29 Recall TBD"	"SUPPORT"	"IND"	"$200.00"
"05/20/2017"	"SENATE DISTRICT 29 RECALL"	"Senate District 29 Recall TBD"	"SUPPORT"	"IND"	"$200.00"
"05/20/2017"	"SENATE DISTRICT 29 RECALL"	"Senate District 29 Recall TBD"	"SUPPORT"	"IND"	"$200.00"
"05/20/2017"	"SENATE DISTRICT 29 RECALL"	"Senate District 29 Recall TBD"	"SUPPORT"	"IND"	"$200.00"
"05/20/2017"	"SENATE DISTRICT 29 RECALL"	"Senate District 29 Recall TBD"	"SUPPORT"	"IND"	"$200.00"
"05/21/2017"	"SENATE DISTRICT 29 RECALL"	"Senate District 29 Recall TBD"	"SUPPORT"	"IND"	"$200.00"
"06/03/2017"	"SENATE DISTRICT 29 RECALL"	"Senate District 29 Recall TBD"	"SUPPORT"	"IND"	"$200.00"
"06/04/2017"	"SENATE DISTRICT 29 RECALL"	"Senate District 29 Recall TBD"	"SUPPORT"	"IND"	"$200.00"
"06/04/2017"	"SENATE DISTRICT 29 RECALL"	"Senate District 29 Recall TBD"	"SUPPORT"	"IND"	"$200.00"
"06/04/2017"	"SENATE DISTRICT 29 RECALL"	"Senate District 29 Recall TBD"	"SUPPORT"	"IND"	"$200.00"
"06/04/2017"	"SENATE DISTRICT 29 RECALL"	"Senate District 29 Recall TBD"	"SUPPORT"	"IND"	"$200.00"
"06/04/2017"	"SENATE DISTRICT 29 RECALL"	"Senate District 29 Recall TBD"	"SUPPORT"	"IND"	"$200.00"
"06/04/2017"	"SENATE DISTRICT 29 RECALL"	"Senate District 29 Recall TBD"	"SUPPORT"	"IND"	"$200.00"
"06/04/2017"	"SENATE DISTRICT 29 RECALL"	"Senate District 29 Recall TBD"	"SUPPORT"	"IND"	"$200.00"
"06/04/2017"	"SENATE DISTRICT 29 RECALL"	"Senate District 29 Recall TBD"	"SUPPORT"	"IND"	"$200.00"
"06/04/2017"	"SENATE DISTRICT 29 RECALL"	"Senate District 29 Recall TBD"	"SUPPORT"	"IND"	"$200.00"
"06/10/2017"	"SENATE DISTRICT 29 RECALL"	"Senate District 29 Recall TBD"	"SUPPORT"	"IND"	"$200.00"
"06/11/2017"	"SENATE DISTRICT 29 RECALL"	"Senate District 29 Recall TBD"	"SUPPORT"	"IND"	"$200.00"
"06/11/2017"	"SENATE DISTRICT 29 RECALL"	"Senate District 29 Recall TBD"	"SUPPORT"	"IND"	"$200.00"
"06/11/2017"	"SENATE DISTRICT 29 RECALL"	"Senate District 29 Recall TBD"	"SUPPORT"	"IND"	"$200.00"
"06/11/2017"	"SENATE DISTRICT 29 RECALL"	"Senate District 29 Recall TBD"	"SUPPORT"	"IND"	"$200.00"
"06/11/2017"	"SENATE DISTRICT 29 RECALL"	"Senate District 29 Recall TBD"	"SUPPORT"	"IND"	"$200.00"
"06/17/2017"	"SENATE DISTRICT 29 RECALL"	"Senate District 29 Recall TBD"	"SUPPORT"	"IND"	"$200.00"
"06/17/2017"	"SENATE DISTRICT 29 RECALL"	"Senate District 29 Recall TBD"	"SUPPORT"	"IND"	"$200.00"
"06/17/2017"	"SENATE DISTRICT 29 RECALL"	"Senate District 29 Recall TBD"	"SUPPORT"	"IND"	"$200.00"
"06/24/2017"	"SENATE DISTRICT 29 RECALL"	"Senate District 29 Recall TBD"	"SUPPORT"	"IND"	"$200.00"
"06/24/2017"	"SENATE DISTRICT 29 RECALL"	"Senate District 29 Recall TBD"	"SUPPORT"	"IND"	"$200.00"
"06/24/2017"	"SENATE DISTRICT 29 RECALL"	"Senate District 29 Recall TBD"	"SUPPORT"	"IND"	"$200.00"
"06/24/2017"	"SENATE DISTRICT 29 RECALL"	"Senate District 29 Recall TBD"	"SUPPORT"	"IND"	"$200.00"
"06/24/2017"	"SENATE DISTRICT 29 RECALL"	"Senate District 29 Recall TBD"	"SUPPORT"	"IND"	"$200.00"
"06/24/2017"	"SENATE DISTRICT 29 RECALL"	"Senate District 29 Recall TBD"	"SUPPORT"	"IND"	"$200.00"
"06/24/2017"	"SENATE DISTRICT 29 RECALL"	"Senate District 29 Recall TBD"	"SUPPORT"	"IND"	"$200.00"
"02/18/2018"	"GAS TAX REPEAL"	"Gas Tax Repeal 6"	"SUPPORT"	"IND"	"$193.92"
"12/08/2017"	"GAS TAX REPEAL"	"Gas Tax Repeal TBD"	"SUPPORT"	"IND"	"$188.97"
"05/15/2017"	"SENATE DISTRICT 29 RECALL"	"Senate District 29 Recall TBD"	"SUPPORT"	"IND"	"$187.79"
"12/04/2017"	"GAS TAX REPEAL"	"Gas Tax Repeal TBD"	"SUPPORT"	"IND"	"$184.75"
"05/29/2017"	"SENATE DISTRICT 29 RECALL"	"Senate District 29 Recall TBD"	"SUPPORT"	"IND"	"$183.22"
"12/06/2017"	"GAS TAX REPEAL"	"Gas Tax Repeal TBD"	"SUPPORT"	"IND"	"$177.57"
"12/12/2017"	"GAS TAX REPEAL"	"Gas Tax Repeal TBD"	"SUPPORT"	"IND"	"$169.11"
"05/10/2017"	"SENATE DISTRICT 29 RECALL"	"Senate District 29 Recall TBD"	"SUPPORT"	"IND"	"$163.86"
"06/16/2017"	"SENATE DISTRICT 29 RECALL"	"Senate District 29 Recall TBD"	"SUPPORT"	"IND"	"$159.96"
"02/13/2018"	"GAS TAX REPEAL"	"Gas Tax Repeal 6"	"SUPPORT"	"IND"	"$155.02"
"06/10/2017"	"SENATE DISTRICT 29 RECALL"	"Senate District 29 Recall TBD"	"SUPPORT"	"IND"	"$151.68"
"06/28/2018"	"GAS TAX REPEAL"	"Gas Tax Repeal 6"	"SUPPORT"	"IND"	"$151.63"
"06/24/2017"	"SENATE DISTRICT 29 RECALL"	"Senate District 29 Recall TBD"	"SUPPORT"	"IND"	"$150.00"
"01/29/2018"	"SAN DIEGO COUNTY GUN OWNERS PAC"	" "	"SUPPORT"	"MONETARY"	"$150.00"
"06/22/2018"	"GAS TAX REPEAL"	"Gas Tax Repeal 6"	"SUPPORT"	"IND"	"$146.37"
"05/13/2017"	"SENATE DISTRICT 29 RECALL"	"Senate District 29 Recall TBD"	"SUPPORT"	"IND"	"$145.97"
"01/12/2018"	"GAS TAX REPEAL"	"Gas Tax Repeal 6"	"SUPPORT"	"IND"	"$143.88"
"01/11/2018"	"GAS TAX REPEAL"	"Gas Tax Repeal 6"	"SUPPORT"	"IND"	"$142.15"
"05/03/2018"	"GAS TAX REPEAL"	"Gas Tax Repeal 6"	"SUPPORT"	"IND"	"$140.00"
"05/17/2018"	"GAS TAX REPEAL"	"Gas Tax Repeal 6"	"SUPPORT"	"IND"	"$139.15"
"12/11/2017"	"GAS TAX REPEAL"	"Gas Tax Repeal TBD"	"SUPPORT"	"IND"	"$139.10"
"03/01/2018"	"GAS TAX REPEAL"	"Gas Tax Repeal 6"	"SUPPORT"	"IND"	"$133.14"
"05/09/2018"	"GAS TAX REPEAL"	"Gas Tax Repeal 6"	"SUPPORT"	"IND"	"$130.50"
"10/03/2017"	"GAS TAX REPEAL"	"Gas Tax Repeal TBD"	"SUPPORT"	"IND"	"$129.19"
"05/18/2017"	"SENATE DISTRICT 29 RECALL"	"Senate District 29 Recall TBD"	"SUPPORT"	"IND"	"$128.28"
"12/15/2017"	"GAS TAX REPEAL"	"Gas Tax Repeal TBD"	"SUPPORT"	"IND"	"$126.98"
"01/13/2018"	"GAS TAX REPEAL"	"Gas Tax Repeal 6"	"SUPPORT"	"IND"	"$126.50"
"09/24/2017"	"CALIFORNIA REPUBLICAN PARTY"	" "	"SUPPORT"	"MONETARY"	"$120.00"
"06/21/2018"	"GAS TAX REPEAL"	"Gas Tax Repeal 6"	"SUPPORT"	"IND"	"$118.37"
"10/25/2017"	"GAS TAX REPEAL"	"Gas Tax Repeal TBD"	"SUPPORT"	"IND"	"$117.97"
"06/15/2018"	"GAS TAX REPEAL"	"Gas Tax Repeal 6"	"SUPPORT"	"IND"	"$115.16"
"05/12/2017"	"SENATE DISTRICT 29 RECALL"	"Senate District 29 Recall TBD"	"SUPPORT"	"IND"	"$113.30"
"05/13/2017"	"SENATE DISTRICT 29 RECALL"	"Senate District 29 Recall TBD"	"SUPPORT"	"IND"	"$110.08"
"06/03/2017"	"SENATE DISTRICT 29 RECALL"	"Senate District 29 Recall TBD"	"SUPPORT"	"IND"	"$109.81"
"06/21/2018"	"GAS TAX REPEAL"	"Gas Tax Repeal 6"	"SUPPORT"	"IND"	"$107.90"
"11/29/2017"	"GAS TAX REPEAL"	"Gas Tax Repeal TBD"	"SUPPORT"	"IND"	"$106.64"
"01/06/2018"	"GAS TAX REPEAL"	"Gas Tax Repeal 6"	"SUPPORT"	"IND"	"$104.78"
"05/29/2018"	"GAS TAX REPEAL"	"Gas Tax Repeal 6"	"SUPPORT"	"IND"	"$100.98"
"05/13/2017"	"SENATE DISTRICT 29 RECALL"	"Senate District 29 Recall TBD"	"SUPPORT"	"IND"	"$100.00"
"05/13/2017"	"SENATE DISTRICT 29 RECALL"	"Senate District 29 Recall TBD"	"SUPPORT"	"IND"	"$100.00"
"05/13/2017"	"SENATE DISTRICT 29 RECALL"	"Senate District 29 Recall TBD"	"SUPPORT"	"IND"	"$100.00"
"05/13/2017"	"SENATE DISTRICT 29 RECALL"	"Senate District 29 Recall TBD"	"SUPPORT"	"IND"	"$100.00"
"05/13/2017"	"SENATE DISTRICT 29 RECALL"	"Senate District 29 Recall TBD"	"SUPPORT"	"IND"	"$100.00"
"05/20/2017"	"SENATE DISTRICT 29 RECALL"	"Senate District 29 Recall TBD"	"SUPPORT"	"IND"	"$100.00"
"05/20/2017"	"SENATE DISTRICT 29 RECALL"	"Senate District 29 Recall TBD"	"SUPPORT"	"IND"	"$100.00"
"05/20/2017"	"SENATE DISTRICT 29 RECALL"	"Senate District 29 Recall TBD"	"SUPPORT"	"IND"	"$100.00"
"05/20/2017"	"SENATE DISTRICT 29 RECALL"	"Senate District 29 Recall TBD"	"SUPPORT"	"IND"	"$100.00"
"05/20/2017"	"SENATE DISTRICT 29 RECALL"	"Senate District 29 Recall TBD"	"SUPPORT"	"IND"	"$100.00"
"05/20/2017"	"SENATE DISTRICT 29 RECALL"	"Senate District 29 Recall TBD"	"SUPPORT"	"IND"	"$100.00"
"05/20/2017"	"SENATE DISTRICT 29 RECALL"	"Senate District 29 Recall TBD"	"SUPPORT"	"IND"	"$100.00"
"05/20/2017"	"SENATE DISTRICT 29 RECALL"	"Senate District 29 Recall TBD"	"SUPPORT"	"IND"	"$100.00"
"06/04/2017"	"SENATE DISTRICT 29 RECALL"	"Senate District 29 Recall TBD"	"SUPPORT"	"IND"	"$100.00"
"06/04/2017"	"SENATE DISTRICT 29 RECALL"	"Senate District 29 Recall TBD"	"SUPPORT"	"IND"	"$100.00"
"06/04/2017"	"SENATE DISTRICT 29 RECALL"	"Senate District 29 Recall TBD"	"SUPPORT"	"IND"	"$100.00"
"06/04/2017"	"SENATE DISTRICT 29 RECALL"	"Senate District 29 Recall TBD"	"SUPPORT"	"IND"	"$100.00"
"06/04/2017"	"SENATE DISTRICT 29 RECALL"	"Senate District 29 Recall TBD"	"SUPPORT"	"IND"	"$100.00"
"06/11/2017"	"SENATE DISTRICT 29 RECALL"	"Senate District 29 Recall TBD"	"SUPPORT"	"IND"	"$100.00"
"06/11/2017"	"SENATE DISTRICT 29 RECALL"	"Senate District 29 Recall TBD"	"SUPPORT"	"IND"	"$100.00"
"06/11/2017"	"SENATE DISTRICT 29 RECALL"	"Senate District 29 Recall TBD"	"SUPPORT"	"IND"	"$100.00"
"06/11/2017"	"SENATE DISTRICT 29 RECALL"	"Senate District 29 Recall TBD"	"SUPPORT"	"IND"	"$100.00"
"06/11/2017"	"SENATE DISTRICT 29 RECALL"	"Senate District 29 Recall TBD"	"SUPPORT"	"IND"	"$100.00"
"06/11/2017"	"SENATE DISTRICT 29 RECALL"	"Senate District 29 Recall TBD"	"SUPPORT"	"IND"	"$100.00"
"06/11/2017"	"SENATE DISTRICT 29 RECALL"	"Senate District 29 Recall TBD"	"SUPPORT"	"IND"	"$100.00"
"06/13/2017"	"SENATE DISTRICT 29 RECALL"	"Senate District 29 Recall TBD"	"SUPPORT"	"IND"	"$100.00"
"06/13/2017"	"SENATE DISTRICT 29 RECALL"	"Senate District 29 Recall TBD"	"SUPPORT"	"IND"	"$100.00"
"06/13/2017"	"SENATE DISTRICT 29 RECALL"	"Senate District 29 Recall TBD"	"SUPPORT"	"IND"	"$100.00"
"06/17/2017"	"SENATE DISTRICT 29 RECALL"	"Senate District 29 Recall TBD"	"SUPPORT"	"IND"	"$100.00"
"06/17/2017"	"SENATE DISTRICT 29 RECALL"	"Senate District 29 Recall TBD"	"SUPPORT"	"IND"	"$100.00"
"06/17/2017"	"SENATE DISTRICT 29 RECALL"	"Senate District 29 Recall TBD"	"SUPPORT"	"IND"	"$100.00"
"06/17/2017"	"SENATE DISTRICT 29 RECALL"	"Senate District 29 Recall TBD"	"SUPPORT"	"IND"	"$100.00"
"06/17/2017"	"SENATE DISTRICT 29 RECALL"	"Senate District 29 Recall TBD"	"SUPPORT"	"IND"	"$100.00"
"06/17/2017"	"SENATE DISTRICT 29 RECALL"	"Senate District 29 Recall TBD"	"SUPPORT"	"IND"	"$100.00"
"06/17/2017"	"SENATE DISTRICT 29 RECALL"	"Senate District 29 Recall TBD"	"SUPPORT"	"IND"	"$100.00"
"06/23/2017"	"SENATE DISTRICT 29 RECALL"	"Senate District 29 Recall TBD"	"SUPPORT"	"IND"	"$100.00"
"06/24/2017"	"SENATE DISTRICT 29 RECALL"	"Senate District 29 Recall TBD"	"SUPPORT"	"IND"	"$100.00"
"06/24/2017"	"SENATE DISTRICT 29 RECALL"	"Senate District 29 Recall TBD"	"SUPPORT"	"IND"	"$100.00"
"06/24/2017"	"SENATE DISTRICT 29 RECALL"	"Senate District 29 Recall TBD"	"SUPPORT"	"IND"	"$100.00"
"06/24/2017"	"SENATE DISTRICT 29 RECALL"	"Senate District 29 Recall TBD"	"SUPPORT"	"IND"	"$100.00"
"06/24/2017"	"SENATE DISTRICT 29 RECALL"	"Senate District 29 Recall TBD"	"SUPPORT"	"IND"	"$100.00"
"06/24/2017"	"SENATE DISTRICT 29 RECALL"	"Senate District 29 Recall TBD"	"SUPPORT"	"IND"	"$100.00"
"06/24/2017"	"SENATE DISTRICT 29 RECALL"	"Senate District 29 Recall TBD"	"SUPPORT"	"IND"	"$100.00"
"06/24/2017"	"SENATE DISTRICT 29 RECALL"	"Senate District 29 Recall TBD"	"SUPPORT"	"IND"	"$100.00"
"06/24/2017"	"SENATE DISTRICT 29 RECALL"	"Senate District 29 Recall TBD"	"SUPPORT"	"IND"	"$100.00"
"06/24/2017"	"SENATE DISTRICT 29 RECALL"	"Senate District 29 Recall TBD"	"SUPPORT"	"IND"	"$100.00"
"06/24/2017"	"SENATE DISTRICT 29 RECALL"	"Senate District 29 Recall TBD"	"SUPPORT"	"IND"	"$100.00"
"06/24/2017"	"SENATE DISTRICT 29 RECALL"	"Senate District 29 Recall TBD"	"SUPPORT"	"IND"	"$100.00"
"05/29/2018"	"GAS TAX REPEAL"	"Gas Tax Repeal 6"	"SUPPORT"	"IND"	"$98.99"
"06/28/2018"	"GAS TAX REPEAL"	"Gas Tax Repeal 6"	"SUPPORT"	"IND"	"$96.00"
"11/30/2017"	"GAS TAX REPEAL"	"Gas Tax Repeal TBD"	"SUPPORT"	"IND"	"$91.84"
"06/11/2017"	"SENATE DISTRICT 29 RECALL"	"Senate District 29 Recall TBD"	"SUPPORT"	"IND"	"$90.26"
"12/31/2017"	"GAS TAX REPEAL"	"Gas Tax Repeal TBD"	"SUPPORT"	"IND"	"$88.66"
"01/11/2018"	"GAS TAX REPEAL"	"Gas Tax Repeal 6"	"SUPPORT"	"IND"	"$88.26"
"12/07/2017"	"GAS TAX REPEAL"	"Gas Tax Repeal TBD"	"SUPPORT"	"IND"	"$87.25"
"12/19/2017"	"GAS TAX REPEAL"	"Gas Tax Repeal TBD"	"SUPPORT"	"IND"	"$86.80"
"12/20/2017"	"GAS TAX REPEAL"	"Gas Tax Repeal TBD"	"SUPPORT"	"IND"	"$86.61"
"01/06/2018"	"GAS TAX REPEAL"	"Gas Tax Repeal 6"	"SUPPORT"	"IND"	"$85.98"
"11/27/2017"	"GAS TAX REPEAL"	"Gas Tax Repeal TBD"	"SUPPORT"	"IND"	"$85.88"
"11/27/2017"	"GAS TAX REPEAL"	"Gas Tax Repeal TBD"	"SUPPORT"	"IND"	"$85.88"
"11/29/2017"	"GAS TAX REPEAL"	"Gas Tax Repeal TBD"	"SUPPORT"	"IND"	"$85.71"
"12/15/2017"	"GAS TAX REPEAL"	"Gas Tax Repeal TBD"	"SUPPORT"	"IND"	"$82.18"
"12/18/2017"	"GAS TAX REPEAL"	"Gas Tax Repeal TBD"	"SUPPORT"	"IND"	"$81.65"
"06/06/2018"	"GAS TAX REPEAL"	"Gas Tax Repeal 6"	"SUPPORT"	"IND"	"$79.78"
"12/08/2017"	"GAS TAX REPEAL"	"Gas Tax Repeal TBD"	"SUPPORT"	"IND"	"$77.57"
"12/31/2017"	"GAS TAX REPEAL"	"Gas Tax Repeal TBD"	"SUPPORT"	"IND"	"$77.57"
"05/05/2018"	"GAS TAX REPEAL"	"Gas Tax Repeal 6"	"SUPPORT"	"IND"	"$76.48"
"06/15/2018"	"GAS TAX REPEAL"	"Gas Tax Repeal 6"	"SUPPORT"	"IND"	"$75.00"
"06/21/2018"	"GAS TAX REPEAL"	"Gas Tax Repeal 6"	"SUPPORT"	"IND"	"$75.00"
"11/27/2017"	"GAS TAX REPEAL"	"Gas Tax Repeal TBD"	"SUPPORT"	"IND"	"$74.81"
"01/25/2018"	"GAS TAX REPEAL"	"Gas Tax Repeal 6"	"SUPPORT"	"IND"	"$74.41"
"04/03/2018"	"GAS TAX REPEAL"	"Gas Tax Repeal 6"	"SUPPORT"	"IND"	"$73.30"
"12/08/2017"	"GAS TAX REPEAL"	"Gas Tax Repeal TBD"	"SUPPORT"	"IND"	"$72.03"
"12/08/2017"	"GAS TAX REPEAL"	"Gas Tax Repeal TBD"	"SUPPORT"	"IND"	"$72.03"
"01/15/2018"	"GAS TAX REPEAL"	"Gas Tax Repeal 6"	"SUPPORT"	"IND"	"$72.03"
"12/19/2017"	"GAS TAX REPEAL"	"Gas Tax Repeal TBD"	"SUPPORT"	"IND"	"$71.40"
"12/07/2017"	"GAS TAX REPEAL"	"Gas Tax Repeal TBD"	"SUPPORT"	"IND"	"$69.66"
"06/27/2018"	"GAS TAX REPEAL"	"Gas Tax Repeal 6"	"SUPPORT"	"IND"	"$69.61"
"06/02/2017"	"SENATE DISTRICT 29 RECALL"	"Senate District 29 Recall TBD"	"SUPPORT"	"IND"	"$67.78"
"03/11/2018"	"GAS TAX REPEAL"	"Gas Tax Repeal 6"	"SUPPORT"	"IND"	"$67.17"
"02/14/2018"	"GAS TAX REPEAL"	"Gas Tax Repeal 6"	"SUPPORT"	"IND"	"$66.83"
"05/02/2018"	"GAS TAX REPEAL"	"Gas Tax Repeal 6"	"SUPPORT"	"IND"	"$66.82"
"06/04/2018"	"GAS TAX REPEAL"	"Gas Tax Repeal 6"	"SUPPORT"	"IND"	"$66.72"
"11/27/2017"	"GAS TAX REPEAL"	"Gas Tax Repeal TBD"	"SUPPORT"	"IND"	"$66.50"
"12/15/2017"	"GAS TAX REPEAL"	"Gas Tax Repeal TBD"	"SUPPORT"	"IND"	"$66.50"
"12/15/2017"	"GAS TAX REPEAL"	"Gas Tax Repeal TBD"	"SUPPORT"	"IND"	"$66.49"
"06/19/2018"	"GAS TAX REPEAL"	"Gas Tax Repeal 6"	"SUPPORT"	"IND"	"$64.00"
"06/16/2018"	"GAS TAX REPEAL"	"Gas Tax Repeal 6"	"SUPPORT"	"IND"	"$62.47"
"05/21/2018"	"GAS TAX REPEAL"	"Gas Tax Repeal 6"	"SUPPORT"	"IND"	"$62.42"
"12/11/2017"	"GAS TAX REPEAL"	"Gas Tax Repeal TBD"	"SUPPORT"	"IND"	"$61.46"
"06/02/2017"	"SENATE DISTRICT 29 RECALL"	"Senate District 29 Recall TBD"	"SUPPORT"	"IND"	"$61.28"
"05/20/2017"	"SENATE DISTRICT 29 RECALL"	"Senate District 29 Recall TBD"	"SUPPORT"	"IND"	"$60.32"
"11/23/2017"	"GAS TAX REPEAL"	"Gas Tax Repeal TBD"	"SUPPORT"	"IND"	"$59.56"
"12/01/2017"	"GAS TAX REPEAL"	"Gas Tax Repeal TBD"	"SUPPORT"	"IND"	"$59.25"
"06/24/2017"	"SENATE DISTRICT 29 RECALL"	"Senate District 29 Recall TBD"	"SUPPORT"	"IND"	"$58.51"
"06/22/2018"	"GAS TAX REPEAL"	"Gas Tax Repeal 6"	"SUPPORT"	"IND"	"$58.44"
"05/17/2018"	"GAS TAX REPEAL"	"Gas Tax Repeal 6"	"SUPPORT"	"IND"	"$58.37"
"06/11/2017"	"SENATE DISTRICT 29 RECALL"	"Senate District 29 Recall TBD"	"SUPPORT"	"IND"	"$58.15"
"06/16/2017"	"SENATE DISTRICT 29 RECALL"	"Senate District 29 Recall TBD"	"SUPPORT"	"IND"	"$57.94"
"06/13/2017"	"SENATE DISTRICT 29 RECALL"	"Senate District 29 Recall TBD"	"SUPPORT"	"IND"	"$57.91"
"12/02/2017"	"GAS TAX REPEAL"	"Gas Tax Repeal TBD"	"SUPPORT"	"IND"	"$57.31"
"05/16/2017"	"SENATE DISTRICT 29 RECALL"	"Senate District 29 Recall TBD"	"SUPPORT"	"IND"	"$56.31"
"06/04/2017"	"SENATE DISTRICT 29 RECALL"	"Senate District 29 Recall TBD"	"SUPPORT"	"IND"	"$55.86"
"12/08/2017"	"GAS TAX REPEAL"	"Gas Tax Repeal TBD"	"SUPPORT"	"IND"	"$55.41"
"12/15/2017"	"GAS TAX REPEAL"	"Gas Tax Repeal TBD"	"SUPPORT"	"IND"	"$55.41"
"01/15/2018"	"GAS TAX REPEAL"	"Gas Tax Repeal 6"	"SUPPORT"	"IND"	"$55.41"
"01/15/2018"	"GAS TAX REPEAL"	"Gas Tax Repeal 6"	"SUPPORT"	"IND"	"$55.41"
"02/09/2018"	"GAS TAX REPEAL"	"Gas Tax Repeal 6"	"SUPPORT"	"IND"	"$55.41"
"02/09/2018"	"GAS TAX REPEAL"	"Gas Tax Repeal 6"	"SUPPORT"	"IND"	"$55.41"
"05/12/2017"	"SENATE DISTRICT 29 RECALL"	"Senate District 29 Recall TBD"	"SUPPORT"	"IND"	"$54.48"
"01/12/2018"	"GAS TAX REPEAL"	"Gas Tax Repeal 6"	"SUPPORT"	"IND"	"$53.46"
"02/13/2018"	"GAS TAX REPEAL"	"Gas Tax Repeal 6"	"SUPPORT"	"IND"	"$53.28"
"06/20/2017"	"SENATE DISTRICT 29 RECALL"	"Senate District 29 Recall TBD"	"SUPPORT"	"IND"	"$52.95"
"06/03/2017"	"SENATE DISTRICT 29 RECALL"	"Senate District 29 Recall TBD"	"SUPPORT"	"IND"	"$52.60"
"06/08/2017"	"SENATE DISTRICT 29 RECALL"	"Senate District 29 Recall TBD"	"SUPPORT"	"IND"	"$52.55"
"06/02/2017"	"SENATE DISTRICT 29 RECALL"	"Senate District 29 Recall TBD"	"SUPPORT"	"IND"	"$51.75"
"06/02/2017"	"SENATE DISTRICT 29 RECALL"	"Senate District 29 Recall TBD"	"SUPPORT"	"IND"	"$50.78"
"05/31/2017"	"SENATE DISTRICT 29 RECALL"	"Senate District 29 Recall TBD"	"SUPPORT"	"IND"	"$50.50"
"03/13/2018"	"GAS TAX REPEAL"	"Gas Tax Repeal 6"	"SUPPORT"	"IND"	"$50.06"
"06/17/2017"	"SENATE DISTRICT 29 RECALL"	"Senate District 29 Recall TBD"	"SUPPORT"	"IND"	"$50.00"
"06/17/2017"	"SENATE DISTRICT 29 RECALL"	"Senate District 29 Recall TBD"	"SUPPORT"	"IND"	"$50.00"
"12/15/2017"	"GAS TAX REPEAL"	"Gas Tax Repeal TBD"	"SUPPORT"	"IND"	"$49.88"
"06/27/2018"	"GAS TAX REPEAL"	"Gas Tax Repeal 6"	"SUPPORT"	"IND"	"$48.05"
"06/19/2018"	"GAS TAX REPEAL"	"Gas Tax Repeal 6"	"SUPPORT"	"IND"	"$46.91"
"06/27/2018"	"GAS TAX REPEAL"	"Gas Tax Repeal 6"	"SUPPORT"	"IND"	"$46.13"
"12/23/2017"	"GAS TAX REPEAL"	"Gas Tax Repeal TBD"	"SUPPORT"	"IND"	"$45.89"
"06/25/2018"	"GAS TAX REPEAL"	"Gas Tax Repeal 6"	"SUPPORT"	"IND"	"$45.74"
"06/19/2018"	"GAS TAX REPEAL"	"Gas Tax Repeal 6"	"SUPPORT"	"IND"	"$44.97"
"01/08/2018"	"GAS TAX REPEAL"	"Gas Tax Repeal 6"	"SUPPORT"	"IND"	"$44.53"
"06/25/2017"	"SENATE DISTRICT 29 RECALL"	"Senate District 29 Recall TBD"	"SUPPORT"	"IND"	"$44.47"
"12/15/2017"	"GAS TAX REPEAL"	"Gas Tax Repeal TBD"	"SUPPORT"	"IND"	"$44.33"
"12/08/2017"	"GAS TAX REPEAL"	"Gas Tax Repeal TBD"	"SUPPORT"	"IND"	"$44.32"
"12/15/2017"	"GAS TAX REPEAL"	"Gas Tax Repeal TBD"	"SUPPORT"	"IND"	"$44.32"
"12/25/2017"	"GAS TAX REPEAL"	"Gas Tax Repeal TBD"	"SUPPORT"	"IND"	"$44.04"
"06/27/2018"	"GAS TAX REPEAL"	"Gas Tax Repeal 6"	"SUPPORT"	"IND"	"$42.07"
"12/27/2017"	"GAS TAX REPEAL"	"Gas Tax Repeal TBD"	"SUPPORT"	"IND"	"$42.00"
"11/08/2017"	"GAS TAX REPEAL"	"Gas Tax Repeal TBD"	"SUPPORT"	"IND"	"$41.89"
"06/19/2018"	"GAS TAX REPEAL"	"Gas Tax Repeal 6"	"SUPPORT"	"IND"	"$41.64"
"11/27/2017"	"GAS TAX REPEAL"	"Gas Tax Repeal TBD"	"SUPPORT"	"IND"	"$41.56"
"12/14/2017"	"GAS TAX REPEAL"	"Gas Tax Repeal TBD"	"SUPPORT"	"IND"	"$40.75"
"12/15/2017"	"GAS TAX REPEAL"	"Gas Tax Repeal TBD"	"SUPPORT"	"IND"	"$40.21"
"11/22/2017"	"GAS TAX REPEAL"	"Gas Tax Repeal TBD"	"SUPPORT"	"IND"	"$38.18"
"06/20/2017"	"SENATE DISTRICT 29 RECALL"	"Senate District 29 Recall TBD"	"SUPPORT"	"IND"	"$37.99"
"12/31/2017"	"GAS TAX REPEAL"	"Gas Tax Repeal TBD"	"SUPPORT"	"IND"	"$35.47"
"12/17/2017"	"GAS TAX REPEAL"	"Gas Tax Repeal TBD"	"SUPPORT"	"IND"	"$35.46"
"05/13/2017"	"SENATE DISTRICT 29 RECALL"	"Senate District 29 Recall TBD"	"SUPPORT"	"IND"	"$35.34"
"10/18/2017"	"GAS TAX REPEAL"	"Gas Tax Repeal TBD"	"SUPPORT"	"IND"	"$34.86"
"06/23/2017"	"SENATE DISTRICT 29 RECALL"	"Senate District 29 Recall TBD"	"SUPPORT"	"IND"	"$34.83"
"11/27/2017"	"GAS TAX REPEAL"	"Gas Tax Repeal TBD"	"SUPPORT"	"IND"	"$33.25"
"12/20/2017"	"GAS TAX REPEAL"	"Gas Tax Repeal TBD"	"SUPPORT"	"IND"	"$33.25"
"10/18/2017"	"GAS TAX REPEAL"	"Gas Tax Repeal TBD"	"SUPPORT"	"IND"	"$32.00"
"01/06/2018"	"GAS TAX REPEAL"	"Gas Tax Repeal 6"	"SUPPORT"	"IND"	"$31.80"
"05/22/2017"	"SENATE DISTRICT 29 RECALL"	"Senate District 29 Recall TBD"	"SUPPORT"	"IND"	"$31.58"
"06/26/2018"	"GAS TAX REPEAL"	"Gas Tax Repeal 6"	"SUPPORT"	"IND"	"$30.90"
"05/23/2017"	"SENATE DISTRICT 29 RECALL"	"Senate District 29 Recall TBD"	"SUPPORT"	"IND"	"$30.34"
"01/25/2018"	"GAS TAX REPEAL"	"Gas Tax Repeal 6"	"SUPPORT"	"IND"	"$30.30"
"06/19/2018"	"GAS TAX REPEAL"	"Gas Tax Repeal 6"	"SUPPORT"	"IND"	"$28.82"
"06/22/2017"	"SENATE DISTRICT 29 RECALL"	"Senate District 29 Recall TBD"	"SUPPORT"	"IND"	"$28.69"
"03/01/2018"	"GAS TAX REPEAL"	"Gas Tax Repeal 6"	"SUPPORT"	"IND"	"$28.23"
"06/25/2017"	"SENATE DISTRICT 29 RECALL"	"Senate District 29 Recall TBD"	"SUPPORT"	"IND"	"$27.83"
"10/18/2017"	"GAS TAX REPEAL"	"Gas Tax Repeal TBD"	"SUPPORT"	"IND"	"$27.82"
"04/03/2018"	"GAS TAX REPEAL"	"Gas Tax Repeal 6"	"SUPPORT"	"IND"	"$27.72"
"05/17/2018"	"GAS TAX REPEAL"	"Gas Tax Repeal 6"	"SUPPORT"	"IND"	"$27.26"
"06/23/2017"	"SENATE DISTRICT 29 RECALL"	"Senate District 29 Recall TBD"	"SUPPORT"	"IND"	"$26.55"
"07/01/2017"	"SENATE DISTRICT 29 RECALL"	"Senate District 29 Recall TBD"	"SUPPORT"	"IND"	"$25.87"
"01/13/2018"	"GAS TAX REPEAL"	"Gas Tax Repeal 6"	"SUPPORT"	"IND"	"$25.78"
"06/27/2017"	"SENATE DISTRICT 29 RECALL"	"Senate District 29 Recall TBD"	"SUPPORT"	"IND"	"$25.14"
"01/03/2018"	"GAS TAX REPEAL"	"Gas Tax Repeal 6"	"SUPPORT"	"IND"	"$24.03"
"06/18/2018"	"GAS TAX REPEAL"	"Gas Tax Repeal 6"	"SUPPORT"	"IND"	"$23.49"
"06/21/2018"	"GAS TAX REPEAL"	"Gas Tax Repeal 6"	"SUPPORT"	"IND"	"$23.23"
"05/31/2017"	"SENATE DISTRICT 29 RECALL"	"Senate District 29 Recall TBD"	"SUPPORT"	"IND"	"$23.16"
"06/20/2018"	"GAS TAX REPEAL"	"Gas Tax Repeal 6"	"SUPPORT"	"IND"	"$23.16"
"06/14/2017"	"SENATE DISTRICT 29 RECALL"	"Senate District 29 Recall TBD"	"SUPPORT"	"IND"	"$21.88"
"01/09/2018"	"GAS TAX REPEAL"	"Gas Tax Repeal 6"	"SUPPORT"	"IND"	"$21.35"
"11/30/2017"	"GAS TAX REPEAL"	"Gas Tax Repeal TBD"	"SUPPORT"	"IND"	"$20.99"
"06/20/2017"	"SENATE DISTRICT 29 RECALL"	"Senate District 29 Recall TBD"	"SUPPORT"	"IND"	"$20.69"
"06/12/2017"	"SENATE DISTRICT 29 RECALL"	"Senate District 29 Recall TBD"	"SUPPORT"	"IND"	"$20.68"
"05/18/2018"	"GAS TAX REPEAL"	"Gas Tax Repeal 6"	"SUPPORT"	"IND"	"$20.00"
"12/08/2017"	"GAS TAX REPEAL"	"Gas Tax Repeal TBD"	"SUPPORT"	"IND"	"$19.98"
"06/16/2017"	"SENATE DISTRICT 29 RECALL"	"Senate District 29 Recall TBD"	"SUPPORT"	"IND"	"$19.23"
"06/27/2018"	"GAS TAX REPEAL"	"Gas Tax Repeal 6"	"SUPPORT"	"IND"	"$18.31"
"05/22/2017"	"SENATE DISTRICT 29 RECALL"	"Senate District 29 Recall TBD"	"SUPPORT"	"IND"	"$18.00"
"12/15/2017"	"GAS TAX REPEAL"	"Gas Tax Repeal TBD"	"SUPPORT"	"IND"	"$17.43"
"11/27/2017"	"GAS TAX REPEAL"	"Gas Tax Repeal TBD"	"SUPPORT"	"IND"	"$16.62"
"11/27/2017"	"GAS TAX REPEAL"	"Gas Tax Repeal TBD"	"SUPPORT"	"IND"	"$16.62"
"11/27/2017"	"GAS TAX REPEAL"	"Gas Tax Repeal TBD"	"SUPPORT"	"IND"	"$16.62"
"11/27/2017"	"GAS TAX REPEAL"	"Gas Tax Repeal TBD"	"SUPPORT"	"IND"	"$16.62"
"11/27/2017"	"GAS TAX REPEAL"	"Gas Tax Repeal TBD"	"SUPPORT"	"IND"	"$16.62"
"11/27/2017"	"GAS TAX REPEAL"	"Gas Tax Repeal TBD"	"SUPPORT"	"IND"	"$16.62"
"11/27/2017"	"GAS TAX REPEAL"	"Gas Tax Repeal TBD"	"SUPPORT"	"IND"	"$16.62"
"11/27/2017"	"GAS TAX REPEAL"	"Gas Tax Repeal TBD"	"SUPPORT"	"IND"	"$16.62"
"11/27/2017"	"GAS TAX REPEAL"	"Gas Tax Repeal TBD"	"SUPPORT"	"IND"	"$16.62"
"11/27/2017"	"GAS TAX REPEAL"	"Gas Tax Repeal TBD"	"SUPPORT"	"IND"	"$16.62"
"04/28/2017"	"SENATE DISTRICT 29 RECALL"	"Senate District 29 Recall TBD"	"SUPPORT"	"IND"	"$16.34"
"05/21/2017"	"SENATE DISTRICT 29 RECALL"	"Senate District 29 Recall TBD"	"SUPPORT"	"IND"	"$16.00"
"01/05/2018"	"GAS TAX REPEAL"	"Gas Tax Repeal 6"	"SUPPORT"	"IND"	"$15.77"
"01/09/2018"	"GAS TAX REPEAL"	"Gas Tax Repeal 6"	"SUPPORT"	"IND"	"$15.77"
"06/15/2017"	"SENATE DISTRICT 29 RECALL"	"Senate District 29 Recall TBD"	"SUPPORT"	"IND"	"$15.59"
"06/06/2017"	"SENATE DISTRICT 29 RECALL"	"Senate District 29 Recall TBD"	"SUPPORT"	"IND"	"$15.17"
"01/04/2018"	"GAS TAX REPEAL"	"Gas Tax Repeal 6"	"SUPPORT"	"IND"	"$15.00"
"05/18/2018"	"GAS TAX REPEAL"	"Gas Tax Repeal 6"	"SUPPORT"	"IND"	"$14.18"
"02/06/2018"	"GAS TAX REPEAL"	"Gas Tax Repeal 6"	"SUPPORT"	"IND"	"$14.11"
"05/12/2017"	"SENATE DISTRICT 29 RECALL"	"Senate District 29 Recall TBD"	"SUPPORT"	"IND"	"$14.00"
"06/20/2018"	"GAS TAX REPEAL"	"Gas Tax Repeal 6"	"SUPPORT"	"IND"	"$13.22"
"06/26/2018"	"GAS TAX REPEAL"	"Gas Tax Repeal 6"	"SUPPORT"	"IND"	"$12.70"
"06/11/2017"	"SENATE DISTRICT 29 RECALL"	"Senate District 29 Recall TBD"	"SUPPORT"	"IND"	"$12.55"
"06/22/2018"	"GAS TAX REPEAL"	"Gas Tax Repeal 6"	"SUPPORT"	"IND"	"$12.50"
"02/12/2018"	"GAS TAX REPEAL"	"Gas Tax Repeal 6"	"SUPPORT"	"IND"	"$12.17"
"04/01/2018"	"GAS TAX REPEAL"	"Gas Tax Repeal 6"	"SUPPORT"	"IND"	"$12.17"
"06/09/2017"	"SENATE DISTRICT 29 RECALL"	"Senate District 29 Recall TBD"	"SUPPORT"	"IND"	"$10.73"
"06/08/2017"	"SENATE DISTRICT 29 RECALL"	"Senate District 29 Recall TBD"	"SUPPORT"	"IND"	"$10.57"
"06/10/2017"	"SENATE DISTRICT 29 RECALL"	"Senate District 29 Recall TBD"	"SUPPORT"	"IND"	"$10.50"
"05/08/2017"	"SENATE DISTRICT 29 RECALL"	"Senate District 29 Recall TBD"	"SUPPORT"	"IND"	"$10.00"
"06/18/2017"	"SENATE DISTRICT 29 RECALL"	"Senate District 29 Recall TBD"	"SUPPORT"	"IND"	"$10.00"
"06/05/2017"	"SENATE DISTRICT 29 RECALL"	"Senate District 29 Recall TBD"	"SUPPORT"	"IND"	"$8.67"
"06/17/2017"	"SENATE DISTRICT 29 RECALL"	"Senate District 29 Recall TBD"	"SUPPORT"	"IND"	"$8.17"
"06/17/2017"	"SENATE DISTRICT 29 RECALL"	"Senate District 29 Recall TBD"	"SUPPORT"	"IND"	"$7.69"
"06/10/2017"	"SENATE DISTRICT 29 RECALL"	"Senate District 29 Recall TBD"	"SUPPORT"	"IND"	"$7.50"
"06/10/2017"	"SENATE DISTRICT 29 RECALL"	"Senate District 29 Recall TBD"	"SUPPORT"	"IND"	"$7.39"
"06/28/2018"	"GAS TAX REPEAL"	"Gas Tax Repeal 6"	"SUPPORT"	"IND"	"$7.37"
"06/27/2018"	"GAS TAX REPEAL"	"Gas Tax Repeal 6"	"SUPPORT"	"IND"	"$5.00"
"06/03/2017"	"SENATE DISTRICT 29 RECALL"	"Senate District 29 Recall TBD"	"SUPPORT"	"IND"	"$4.90"
"11/30/2017"	"GAS TAX REPEAL"	"Gas Tax Repeal TBD"	"SUPPORT"	"IND"	"$3.63"
"12/15/2017"	"GAS TAX REPEAL"	"Gas Tax Repeal TBD"	"SUPPORT"	"IND"	"$2.99"
"05/11/2017"	"DEMAIO, CARL"	" "	""	"IND"	"$0.00"
"05/13/2017"	"DEMAIO, CARL"	" "	""	"IND"	"$0.00"
"05/20/2017"	"DEMAIO, CARL"	" "	""	"IND"	"$0.00"
"06/03/2017"	"DEMAIO, CARL"	" "	""	"IND"	"$0.00"
"06/04/2017"	"DEMAIO, CARL"	" "	""	"IND"	"$0.00"
"06/10/2017"	"DEMAIO, CARL"	" "	""	"IND"	"$0.00"
"06/13/2017"	"DEMAIO, CARL"	" "	""	"IND"	"$0.00"
"06/17/2017"	"DEMAIO, CARL"	" "	""	"IND"	"$0.00"
